<?xml version="1.0" encoding="UTF-8"?>
<project-private xmlns="http://www.netbeans.org/ns/project-private/1">
    <editor-bookmarks xmlns="http://www.netbeans.org/ns/editor-bookmarks/2" lastBookmarkId="0"/>
    <open-files xmlns="http://www.netbeans.org/ns/projectui-open-files/2">
        <group>
            <file>file:/C:/Users/91809/Documents/NetBeansProjects/Banking%20mangement%20system/src/Account.java</file>
            <file>file:/C:/Users/91809/Documents/NetBeansProjects/Banking%20mangement%20system/src/Authenttication.java</file>
            <file>file:/C:/Users/91809/Documents/NetBeansProjects/Banking%20mangement%20system/src/Mypage.java</file>
            <file>file:/C:/Users/91809/Documents/NetBeansProjects/Banking%20mangement%20system/src/banklogo-sm.png</file>
            <file>file:/C:/Users/91809/Documents/NetBeansProjects/Banking%20mangement%20system/src/white-user-icon.png</file>
            <file>file:/C:/Users/91809/Documents/NetBeansProjects/Banking%20mangement%20system/src/Javaconnect.java</file>
            <file>file:/C:/Users/91809/Documents/NetBeansProjects/Banking%20mangement%20system/src/refresh.png</file>
            <file>file:/C:/Users/91809/Documents/NetBeansProjects/Banking%20mangement%20system/src/password-icon.png</file>
        </group>
    </open-files>
</project-private>
